{"0.5": 84, "0.5644189458423445": 78, "0.6371374928515668": 84, "0.7192249441438314": 94, "0.8118883695943608": 90, "0.9164903554162179": 100, "1.0345690405573948": 140.46647059852543, "1.1678607345450611": 166.42208692265382, "1.318325449365179": 179.57369116087557, "1.488175720815659": 215.36307944886912, "1.6799091431418909": 207.21788508505816, "1.896345095366125": 185.71454534112107, "2.1406661993596967": 253.1136128131882, "2.416465119285876": 463.0798063559795, "2.7277973905842594": 290.0180478553852, "3.0792410553301317": 623.4537008383189, "3.4759639808878022": 567.2513709932848, "3.923799851757305": 688.3117285219399, "4.429333952050413": 823.2252986793951, "5.0": 1032.5837807393762}{"0.5": 50, "0.5644189458423445": 50, "0.6371374928515668": 70.77382997348448, "0.7192249441438314": 75.45227888680381, "0.8118883695943608": 82.05842265475108, "0.9164903554162179": 85.23345470507617, "1.0345690405573948": 86.9380386533846, "1.1678607345450611": 88.612626695076, "1.318325449365179": 82.10525005403838, "1.488175720815659": 100.80700343987863, "1.6799091431418909": 120.1177095571142, "1.896345095366125": 124.56582210241659, "2.1406661993596967": 223.45923063622448, "2.416465119285876": 205.64669967624724, "2.7277973905842594": 193.06270727394443, "3.0792410553301317": 263.33732670445715, "3.4759639808878022": 307.8286071724599, "3.923799851757305": 306.93073947060844, "4.429333952050413": 374.6569985882801, "5.0": 414.93046501059496}{"0.5": 100, "0.5644189458423445": 100, "0.6371374928515668": 100, "0.7192249441438314": 100, "0.8118883695943608": 100, "0.9164903554162179": 100, "1.0345690405573948": 132.26164247553018, "1.1678607345450611": 162.96701989511794, "1.318325449365179": 166.01647147984534, "1.488175720815659": 168.68117045489265, "1.6799091431418909": 156.12131899083556, "1.896345095366125": 155.15979292502644, "2.1406661993596967": 196.24959637195963, "2.416465119285876": 282.359921067603, "2.7277973905842594": 210.23538779926307, "3.0792410553301317": 405.6198180178166, "3.4759639808878022": 388.0303059350166, "3.923799851757305": 435.49251759769675, "4.429333952050413": 502.0291724905002, "5.0": 592.8423408280679}